xx,knn, 3 , 1.0998310873015873
xx,knn, 5 , 1.0640889116483518
xx,knn, 7 , 0.998737543507513
xx,knn, 9 , 0.983569721001221
xx,knn, 11 , 0.9563524468259013
xx,knn, 13 , 0.9913481242928669
xx,knn, 15 , 0.982485177753358
xx,dknn, 3 , 1.0901180817932554
xx,dknn, 5 , 1.042608894864812
xx,dknn, 7 , 0.9827672640129005
xx,dknn, 9 , 0.9696541097058698
xx,dknn, 11 , 0.9455217882943208
xx,dknn, 13 , 0.9676753454923053
xx,dknn, 15 , 0.9519335361421137
pca,knn, 3 , 1.3624774420024421
pca,knn, 5 , 1.2879900072527473
pca,knn, 7 , 1.2729959732002691
pca,knn, 9 , 1.2184531550671551
pca,knn, 11 , 1.2205271339569521
pca,knn, 13 , 1.232388335164835
pca,knn, 15 , 1.2439545297924297
pca,dknn, 3 , 1.3668428796569079
pca,dknn, 5 , 1.2409275264459263
pca,dknn, 7 , 1.208685525230427
pca,dknn, 9 , 1.1551112151019047
pca,dknn, 11 , 1.1411811568792294
pca,dknn, 13 , 1.1459164111473024
pca,dknn, 15 , 1.1555150719967962
ga,knn, 3 , 1.0475451514041514
ga,dknn, 3 , 1.0467371316864265
ga,knn, 5 , 1.123480115164835
ga,dknn, 5 , 1.1078065920601403
ga,knn, 7 , 0.9671090594303655
ga,dknn, 7 , 0.9491763700516465
ga,knn, 9 , 1.0161999567222901
ga,dknn, 9 , 1.0029986451056876
ga,knn, 11 , 0.9673167102443012
ga,dknn, 11 , 0.9679358773310025
ga,knn, 13 , 0.9536465384290267
ga,dknn, 13 , 0.9351535437782037
ga,knn, 15 , 0.9187842539194139
ga,dknn, 15 , 0.9117423601800216
gbest-pso,knn, 3 , 1.152346280830281
gbest-pso,dknn, 3 , 1.134257970471702
gbest-pso,knn, 5 , 1.0680152797802198
gbest-pso,dknn, 5 , 1.046864003353099
gbest-pso,knn, 7 , 0.9552342900874636
gbest-pso,dknn, 7 , 0.98200906826702
gbest-pso,knn, 9 , 0.948305832790666
gbest-pso,dknn, 9 , 0.9484714805598417
gbest-pso,knn, 11 , 0.9528174184451909
gbest-pso,dknn, 11 , 0.9576926820826646
gbest-pso,knn, 13 , 0.8886858342545029
gbest-pso,dknn, 13 , 0.8906328025041593
gbest-pso,knn, 15 , 0.9185334400244202
gbest-pso,dknn, 15 , 0.8996634456718391
lbest-pso,knn, 3 , 1.0447416813186816
lbest-pso,dknn, 3 , 1.039477605555118
lbest-pso,knn, 5 , 1.0412971896703296
lbest-pso,dknn, 5 , 1.0187301815764989
lbest-pso,knn, 7 , 0.9539700997981609
lbest-pso,dknn, 7 , 0.9635934760702
lbest-pso,knn, 9 , 0.958024306878307
lbest-pso,dknn, 9 , 0.9564115709359648
lbest-pso,knn, 11 , 0.957932768867496
lbest-pso,dknn, 11 , 0.955478012363219
lbest-pso,knn, 13 , 0.8916759361141816
lbest-pso,dknn, 13 , 0.8840190764745232
lbest-pso,knn, 15 , 0.9166138793650793
lbest-pso,dknn, 15 , 0.9076109507571364
xx,knn, 3 , 0.8124873656898658
xx,knn, 5 , 0.8252463580219781
xx,knn, 7 , 0.8495080916124692
xx,knn, 9 , 0.8833610198751864
xx,knn, 11 , 0.8867390593497412
xx,knn, 13 , 0.8855322209831589
xx,knn, 15 , 0.8883199242490843
xx,dknn, 3 , 0.8239911356382651
xx,dknn, 5 , 0.829990578191135
xx,dknn, 7 , 0.840188717084097
xx,dknn, 9 , 0.8526684859430551
xx,dknn, 11 , 0.846320345931231
xx,dknn, 13 , 0.8426088437105188
xx,dknn, 15 , 0.8467814194048395
pca,knn, 3 , 1.1331640006105006
pca,knn, 5 , 1.1469077197802198
pca,knn, 7 , 1.1708834225162592
pca,knn, 9 , 1.1452676045312713
pca,knn, 11 , 1.1075764215330126
pca,knn, 13 , 1.0865207683854607
pca,knn, 15 , 1.076302096068376
pca,dknn, 3 , 1.1650079279121703
pca,dknn, 5 , 1.1116136904257659
pca,dknn, 7 , 1.1180340231636516
pca,dknn, 9 , 1.089655362705017
pca,dknn, 11 , 1.0586393812969446
pca,dknn, 13 , 1.0272803045344763
pca,dknn, 15 , 1.0139261024306583
ga,knn, 3 , 0.8205970476190477
ga,dknn, 3 , 0.8444084278243363
ga,knn, 5 , 0.7567295896703298
ga,dknn, 5 , 0.7768219185608173
ga,knn, 7 , 0.8528934677057635
ga,dknn, 7 , 0.8368698158943778
ga,knn, 9 , 0.8073088021299688
ga,dknn, 9 , 0.8002074111303459
ga,knn, 11 , 0.7980463496957587
ga,dknn, 11 , 0.7758214581611081
ga,knn, 13 , 0.8269273249886208
ga,dknn, 13 , 0.8046228761085349
ga,knn, 15 , 0.8464764016849817
ga,dknn, 15 , 0.8301744764662932
gbest-pso,knn, 3 , 0.958922521978022
gbest-pso,dknn, 3 , 0.9738417468678379
gbest-pso,knn, 5 , 0.7481566604395605
gbest-pso,dknn, 5 , 0.7627497808467517
gbest-pso,knn, 7 , 0.7912526942139494
gbest-pso,dknn, 7 , 0.7912815304686956
gbest-pso,knn, 9 , 0.7675792908696244
gbest-pso,dknn, 9 , 0.7712553658191403
gbest-pso,knn, 11 , 0.8191285594859685
gbest-pso,dknn, 11 , 0.7921949126645973
gbest-pso,knn, 13 , 0.7782539406333311
gbest-pso,dknn, 13 , 0.7763211253917338
gbest-pso,knn, 15 , 0.912511689010989
gbest-pso,dknn, 15 , 0.8406664836277545
lbest-pso,knn, 3 , 0.7966635482295482
lbest-pso,dknn, 3 , 0.841286055726468
lbest-pso,knn, 5 , 0.7826861815384615
lbest-pso,dknn, 5 , 0.7867608183356513
lbest-pso,knn, 7 , 0.6916909576138146
lbest-pso,dknn, 7 , 0.7209027490899617
lbest-pso,knn, 9 , 0.7307704472256138
lbest-pso,dknn, 9 , 0.7290014345507542
lbest-pso,knn, 11 , 0.7875468129597676
lbest-pso,dknn, 11 , 0.7675428109583022
lbest-pso,knn, 13 , 0.7620655631055335
lbest-pso,dknn, 13 , 0.7570795790861315
lbest-pso,knn, 15 , 0.7350304316971918
lbest-pso,dknn, 15 , 0.729103364550885
xx,knn, 3 , 1.219864235042735
xx,knn, 5 , 1.1308134274725274
xx,knn, 7 , 1.0513841782910964
xx,knn, 9 , 1.070691937118437
xx,knn, 11 , 1.038858859050041
xx,knn, 13 , 1.031734153325964
xx,knn, 15 , 1.0378634209279611
xx,dknn, 3 , 1.1933833990731888
xx,dknn, 5 , 1.0977032026416094
xx,dknn, 7 , 1.0156712797673362
xx,dknn, 9 , 1.0309483572025686
xx,dknn, 11 , 0.9950461397744267
xx,dknn, 13 , 0.9859317930503175
xx,dknn, 15 , 0.9906404821409808
pca,knn, 3 , 1.3296349938949938
pca,knn, 5 , 1.2351944389010987
pca,knn, 7 , 1.2143725311729088
pca,knn, 9 , 1.2072298327228326
pca,knn, 11 , 1.1960534087730452
pca,knn, 13 , 1.1645896487092786
pca,knn, 15 , 1.1838320916727718
pca,dknn, 3 , 1.3324275361264453
pca,dknn, 5 , 1.2029486428312344
pca,dknn, 7 , 1.179306378147515
pca,dknn, 9 , 1.153604296854858
pca,dknn, 11 , 1.1354364019144336
pca,dknn, 13 , 1.110699980061127
pca,dknn, 15 , 1.1149656579350484
ga,knn, 3 , 1.2130232460317458
ga,dknn, 3 , 1.1816498808918485
ga,knn, 5 , 1.0682300382417584
ga,dknn, 5 , 1.062711862635557
ga,knn, 7 , 0.9436680274725274
ga,dknn, 7 , 0.9305156629107781
ga,knn, 9 , 1.046481075905576
ga,dknn, 9 , 1.0131027284111982
ga,knn, 11 , 1.0544196966215602
ga,dknn, 11 , 1.016396429758317
ga,knn, 13 , 1.061735542753105
ga,dknn, 13 , 1.0182069329018169
ga,knn, 15 , 1.0614125942124542
ga,dknn, 15 , 1.02518516270627
gbest-pso,knn, 3 , 1.3290060274725275
gbest-pso,dknn, 3 , 1.3104181201881702
gbest-pso,knn, 5 , 1.011556158021978
gbest-pso,dknn, 5 , 1.0122343480324298
gbest-pso,knn, 7 , 0.9688326054047992
gbest-pso,dknn, 7 , 0.9629605695879088
gbest-pso,knn, 9 , 0.9734944679148013
gbest-pso,dknn, 9 , 0.9573229794365058
gbest-pso,knn, 11 , 1.010942877077468
gbest-pso,dknn, 11 , 0.9776925565840923
gbest-pso,knn, 13 , 1.0013079630014956
gbest-pso,dknn, 13 , 0.973644216617937
gbest-pso,knn, 15 , 1.022532537875458
gbest-pso,dknn, 15 , 0.9958965598919982
lbest-pso,knn, 3 , 1.2691411843711846
lbest-pso,dknn, 3 , 1.22373604099094
lbest-pso,knn, 5 , 1.0199348312087912
lbest-pso,dknn, 5 , 1.0163984473263517
lbest-pso,knn, 7 , 1.0243869562682215
lbest-pso,dknn, 7 , 0.9916222155073549
lbest-pso,knn, 9 , 0.9498163488671821
lbest-pso,dknn, 9 , 0.9324037810241386
lbest-pso,knn, 11 , 0.9811800387339932
lbest-pso,dknn, 11 , 0.952504730720849
lbest-pso,knn, 13 , 1.0247276658430324
lbest-pso,dknn, 13 , 1.0087671135165164
lbest-pso,knn, 15 , 1.0404849068376067
lbest-pso,dknn, 15 , 1.00209185504922
xx,knn, 3 , 0.7681653998778998
xx,knn, 5 , 0.7515866903296705
xx,knn, 7 , 0.8192150394707333
xx,knn, 9 , 0.7976478783068783
xx,knn, 11 , 0.8137255557624195
xx,knn, 13 , 0.8023192319396579
xx,knn, 15 , 0.8148205926984128
xx,dknn, 3 , 0.7836349779288689
xx,dknn, 5 , 0.7861730887750794
xx,dknn, 7 , 0.8252749803920753
xx,dknn, 9 , 0.8068732126182225
xx,dknn, 11 , 0.8072212561043526
xx,dknn, 13 , 0.7969404191408321
xx,dknn, 15 , 0.80725938462455
pca,knn, 3 , 1.185626790598291
pca,knn, 5 , 1.1006014676923077
pca,knn, 7 , 1.055550298497421
pca,knn, 9 , 1.027574494776828
pca,knn, 11 , 1.0096104277540638
pca,knn, 13 , 1.0008021316730606
pca,knn, 15 , 0.9979118057875458
pca,dknn, 3 , 1.2013684271466119
pca,dknn, 5 , 1.0807993533594902
pca,dknn, 7 , 1.0330965509784007
pca,dknn, 9 , 1.0012099696085772
pca,dknn, 11 , 0.982890526056437
pca,dknn, 13 , 0.9761593812214941
pca,dknn, 15 , 0.9617723428461437
ga,knn, 3 , 0.8472926117216116
ga,dknn, 3 , 0.8513708089555077
ga,knn, 5 , 0.7991176210989012
ga,dknn, 5 , 0.822765783069236
ga,knn, 7 , 0.8148959827315542
ga,dknn, 7 , 0.8276947908883344
ga,knn, 9 , 0.6907275232668567
ga,dknn, 9 , 0.7226851069742509
ga,knn, 11 , 0.738210875351921
ga,dknn, 11 , 0.7636495484531824
ga,knn, 13 , 0.6923612159438195
ga,dknn, 13 , 0.7149248579786031
ga,knn, 15 , 0.7578035428083026
ga,dknn, 15 , 0.7804665009859845
gbest-pso,knn, 3 , 0.8752396123321122
gbest-pso,dknn, 3 , 0.8488961393650389
gbest-pso,knn, 5 , 0.6947994312087913
gbest-pso,dknn, 5 , 0.725056621111786
gbest-pso,knn, 7 , 0.6789810617851537
gbest-pso,dknn, 7 , 0.7041790185523575
gbest-pso,knn, 9 , 0.7189456448243114
gbest-pso,dknn, 9 , 0.7386245800999859
gbest-pso,knn, 11 , 0.8009384725728816
gbest-pso,dknn, 11 , 0.8150379234223898
gbest-pso,knn, 13 , 0.774139546166851
gbest-pso,dknn, 13 , 0.7947544226799306
gbest-pso,knn, 15 , 0.7393541652503053
gbest-pso,dknn, 15 , 0.7576932156379075
lbest-pso,knn, 3 , 0.7946753919413919
lbest-pso,dknn, 3 , 0.8010014717130649
lbest-pso,knn, 5 , 0.7035607296703298
lbest-pso,dknn, 5 , 0.7317071523508127
lbest-pso,knn, 7 , 0.7066630500112134
lbest-pso,dknn, 7 , 0.726570993954619
lbest-pso,knn, 9 , 0.6917453298059966
lbest-pso,dknn, 9 , 0.7177783961838207
lbest-pso,knn, 11 , 0.8102614645354644
lbest-pso,dknn, 11 , 0.8172610358170749
lbest-pso,knn, 13 , 0.7935165777358735
lbest-pso,dknn, 13 , 0.811339375525566
lbest-pso,knn, 15 , 0.8299648362393162
lbest-pso,dknn, 15 , 0.8198796324199272
xx,knn, 3 , 0.9485680989010988
xx,knn, 5 , 1.0033748032967031
xx,knn, 7 , 0.9876368684682664
xx,knn, 9 , 0.9905692039750373
xx,knn, 11 , 1.0098555814185812
xx,knn, 13 , 1.003164609857598
xx,knn, 15 , 1.0034994831501831
xx,dknn, 3 , 1.0213470228637367
xx,dknn, 5 , 1.044155345026124
xx,dknn, 7 , 1.021372381512202
xx,dknn, 9 , 1.0293033115125994
xx,dknn, 11 , 1.0283359566916084
xx,dknn, 13 , 1.0154701636535823
xx,dknn, 15 , 1.0191427168670573
pca,knn, 3 , 1.252481233821734
pca,knn, 5 , 1.2143219835164833
pca,knn, 7 , 1.1924599775734468
pca,knn, 9 , 1.1887775681047348
pca,knn, 11 , 1.216504065298338
pca,knn, 13 , 1.2543638313284347
pca,knn, 15 , 1.2841730296703295
pca,dknn, 3 , 1.2729484567430833
pca,dknn, 5 , 1.2456757524422089
pca,dknn, 7 , 1.219215022711521
pca,dknn, 9 , 1.2011695596047862
pca,dknn, 11 , 1.2085668772930185
pca,dknn, 13 , 1.2309393725684037
pca,dknn, 15 , 1.255752588202063
ga,knn, 3 , 1.0212210793650793
ga,dknn, 3 , 1.0585475042191699
ga,knn, 5 , 0.903309581098901
ga,dknn, 5 , 0.9729827090835313
ga,knn, 7 , 0.9436120962099125
ga,dknn, 7 , 0.9917682992323655
ga,knn, 9 , 0.8849762522724188
ga,dknn, 9 , 0.9262727411322511
ga,knn, 11 , 0.8941022141948959
ga,dknn, 11 , 0.9404143040776524
ga,knn, 13 , 0.9240717580141753
ga,dknn, 13 , 0.9663026468841911
ga,knn, 15 , 0.9278138831746031
ga,dknn, 15 , 0.9593939484368988
gbest-pso,knn, 3 , 1.2466912918192918
gbest-pso,dknn, 3 , 1.3169825296156097
gbest-pso,knn, 5 , 1.0725674052747254
gbest-pso,dknn, 5 , 1.1310901005534093
gbest-pso,knn, 7 , 0.9552034342901996
gbest-pso,dknn, 7 , 1.010864499667743
gbest-pso,knn, 9 , 0.9009379177859178
gbest-pso,dknn, 9 , 0.9430543423394383
gbest-pso,knn, 11 , 0.9241766676959401
gbest-pso,dknn, 11 , 0.9681351782569299
gbest-pso,knn, 13 , 0.8958903401066388
gbest-pso,dknn, 13 , 0.9470951328785345
gbest-pso,knn, 15 , 0.8910028916971917
gbest-pso,dknn, 15 , 0.9245569519914805
lbest-pso,knn, 3 , 1.1615261117216118
lbest-pso,dknn, 3 , 1.246992125442876
lbest-pso,knn, 5 , 0.9115164134065935
lbest-pso,dknn, 5 , 0.9401909456458607
lbest-pso,knn, 7 , 0.9129042875084101
lbest-pso,dknn, 7 , 0.9648632794560283
lbest-pso,knn, 9 , 0.9293112726224391
lbest-pso,dknn, 9 , 0.9686863913167656
lbest-pso,knn, 11 , 0.9646915169376077
lbest-pso,dknn, 11 , 1.0128042002774447
lbest-pso,knn, 13 , 0.9261748783080823
lbest-pso,dknn, 13 , 0.9627371991458347
lbest-pso,knn, 15 , 0.9015640641269839
lbest-pso,dknn, 15 , 0.9380449133321358
xx,knn, 3 , 1.1237961306471307
xx,knn, 5 , 1.1242155410989012
xx,knn, 7 , 1.0940720394707335
xx,knn, 9 , 1.106766729073396
xx,knn, 11 , 1.138953875442739
xx,knn, 13 , 1.1564889257428963
xx,knn, 15 , 1.1647641885958488
xx,dknn, 3 , 1.0774093425585052
xx,dknn, 5 , 1.0806447282785643
xx,dknn, 7 , 1.0401343272640253
xx,dknn, 9 , 1.03172476135683
xx,dknn, 11 , 1.0573905924429279
xx,dknn, 13 , 1.0749318682150908
xx,dknn, 15 , 1.0780035013272613
pca,knn, 3 , 1.2981342527472526
pca,knn, 5 , 1.2414879942857142
pca,knn, 7 , 1.197651744000897
pca,knn, 9 , 1.2223524714421379
pca,knn, 11 , 1.2631907385341932
pca,knn, 13 , 1.2723642072306394
pca,knn, 15 , 1.2513628092063491
pca,dknn, 3 , 1.214832163884004
pca,dknn, 5 , 1.1517742049603026
pca,dknn, 7 , 1.0987137860563738
pca,dknn, 9 , 1.1030750792475768
pca,dknn, 11 , 1.124384085977121
pca,dknn, 13 , 1.1283355847456
pca,dknn, 15 , 1.110796275120493
ga,knn, 3 , 1.1217617252747254
ga,dknn, 3 , 1.0245447660450784
ga,knn, 5 , 0.9290256090109887
ga,dknn, 5 , 0.8550182814244187
ga,knn, 7 , 0.939690280331913
ga,dknn, 7 , 0.8758050075180286
ga,knn, 9 , 1.0157245986297652
ga,dknn, 9 , 0.9355186269356021
ga,knn, 11 , 0.9941543793933337
ga,dknn, 11 , 0.895787794587055
ga,knn, 13 , 0.9976679547434812
ga,dknn, 13 , 0.9145640380343166
ga,knn, 15 , 0.9910427993162392
ga,dknn, 15 , 0.9040278370041589
gbest-pso,knn, 3 , 0.9427775274725275
gbest-pso,dknn, 3 , 0.8487470740727655
gbest-pso,knn, 5 , 0.9192407938461538
gbest-pso,dknn, 5 , 0.8439751523654052
gbest-pso,knn, 7 , 0.8882770853330342
gbest-pso,dknn, 7 , 0.8099524953869426
gbest-pso,knn, 9 , 0.955400398860399
gbest-pso,dknn, 9 , 0.8691278983375441
gbest-pso,knn, 11 , 0.8904761749614021
gbest-pso,dknn, 11 , 0.801667604014463
gbest-pso,knn, 13 , 0.9306666006567398
gbest-pso,dknn, 13 , 0.8324729687712014
gbest-pso,knn, 15 , 1.0023647533089133
gbest-pso,dknn, 15 , 0.9049749591260677
lbest-pso,knn, 3 , 1.0988567564102565
lbest-pso,dknn, 3 , 1.0306247394309278
lbest-pso,knn, 5 , 0.9600129865934067
lbest-pso,dknn, 5 , 0.8895746465728297
lbest-pso,knn, 7 , 0.9816096844583988
lbest-pso,dknn, 7 , 0.9127543840946556
lbest-pso,knn, 9 , 0.9042790470085473
lbest-pso,dknn, 9 , 0.8153357696033571
lbest-pso,knn, 11 , 0.9490024351557531
lbest-pso,dknn, 11 , 0.8428982983953713
lbest-pso,knn, 13 , 1.0272480407048574
lbest-pso,dknn, 13 , 0.93360589385048
lbest-pso,knn, 15 , 1.0691510921123322
lbest-pso,dknn, 15 , 0.9541312459046903
xx,knn, 3 , 1.0643880897435898
xx,knn, 5 , 1.0367135285714286
xx,knn, 7 , 1.0336538333707108
xx,knn, 9 , 1.037791712386379
xx,knn, 11 , 1.0071745049495957
xx,knn, 13 , 1.0068498110410298
xx,knn, 15 , 1.0108652315750914
xx,dknn, 3 , 1.0260274893296044
xx,dknn, 5 , 0.9890855487510293
xx,dknn, 7 , 0.9881821702180236
xx,dknn, 9 , 0.9820941430796715
xx,dknn, 11 , 0.9490122977818046
xx,dknn, 13 , 0.9437852388362058
xx,dknn, 15 , 0.9469985955047765
pca,knn, 3 , 1.3568535811965812
pca,knn, 5 , 1.3859465345054947
pca,knn, 7 , 1.3420872575689615
pca,knn, 9 , 1.3046518698955365
pca,knn, 11 , 1.2710019355644355
pca,knn, 13 , 1.2740390247090188
pca,knn, 15 , 1.288313387985348
pca,dknn, 3 , 1.330738534480985
pca,dknn, 5 , 1.295837040072939
pca,dknn, 7 , 1.241872921001003
pca,dknn, 9 , 1.2038726061992728
pca,dknn, 11 , 1.1722373794734677
pca,dknn, 13 , 1.1672616045532862
pca,dknn, 15 , 1.1672995725903066
ga,knn, 3 , 1.0052963583638583
ga,dknn, 3 , 0.993378483489879
ga,knn, 5 , 0.9788519617582419
ga,dknn, 5 , 0.9333652334640673
ga,knn, 7 , 0.9810051560888091
ga,dknn, 7 , 0.928495640378191
ga,knn, 9 , 0.9568236404829737
ga,dknn, 9 , 0.9142218675124592
ga,knn, 11 , 0.9147284708019254
ga,dknn, 11 , 0.8681877449416093
ga,knn, 13 , 0.9871172445867742
ga,dknn, 13 , 0.9261813333445205
ga,knn, 15 , 0.9786721199267399
ga,dknn, 15 , 0.9044295884582302
gbest-pso,knn, 3 , 1.031395995115995
gbest-pso,dknn, 3 , 0.9754201199124002
gbest-pso,knn, 5 , 1.0431569026373626
gbest-pso,dknn, 5 , 0.9818346187906148
gbest-pso,knn, 7 , 0.9591670807355911
gbest-pso,dknn, 7 , 0.9198562551120651
gbest-pso,knn, 9 , 0.9466628492063494
gbest-pso,dknn, 9 , 0.8952636171623708
gbest-pso,knn, 11 , 0.8890992403051492
gbest-pso,dknn, 11 , 0.8442647814093374
gbest-pso,knn, 13 , 0.8813984938552575
gbest-pso,dknn, 13 , 0.8339335077650716
gbest-pso,knn, 15 , 0.9403090250305252
gbest-pso,dknn, 15 , 0.8860560577665509
lbest-pso,knn, 3 , 1.1041521092796094
lbest-pso,dknn, 3 , 1.0466384774801187
lbest-pso,knn, 5 , 0.9406138263736264
lbest-pso,dknn, 5 , 0.8831523646398247
lbest-pso,knn, 7 , 0.8323933440233238
lbest-pso,dknn, 7 , 0.7959005987760455
lbest-pso,knn, 9 , 0.9023640238773573
lbest-pso,dknn, 9 , 0.8526451246089785
lbest-pso,knn, 11 , 0.9762348838434293
lbest-pso,dknn, 11 , 0.9279706838141206
lbest-pso,knn, 13 , 0.9488071449704142
lbest-pso,dknn, 13 , 0.8955124462181575
lbest-pso,knn, 15 , 0.9326250812942615
lbest-pso,dknn, 15 , 0.8845536640979664
xx,knn, 3 , 0.9450717643467642
xx,knn, 5 , 0.864907618021978
xx,knn, 7 , 0.8296706693204753
xx,knn, 9 , 0.8608026357346356
xx,knn, 11 , 0.9257430755153936
xx,knn, 13 , 0.9304410220755573
xx,knn, 15 , 0.9370919757997556
xx,dknn, 3 , 0.9096200984755933
xx,dknn, 5 , 0.8354631678703596
xx,dknn, 7 , 0.7974562732236662
xx,dknn, 9 , 0.816501255747227
xx,dknn, 11 , 0.8595275208047772
xx,dknn, 13 , 0.8617883831254074
xx,dknn, 15 , 0.8657611175363283
pca,knn, 3 , 1.1688566050061049
pca,knn, 5 , 1.1618107716483514
pca,knn, 7 , 1.0861517460192869
pca,knn, 9 , 1.054308910934744
pca,knn, 11 , 1.0350091717373533
pca,knn, 13 , 1.0514074621236749
pca,knn, 15 , 1.0751505644688641
pca,dknn, 3 , 1.0820789392488237
pca,dknn, 5 , 1.1004265484263211
pca,dknn, 7 , 1.0457752168716092
pca,dknn, 9 , 1.0114736522609769
pca,dknn, 11 , 0.9757406484279394
pca,dknn, 13 , 0.9712621482735182
pca,dknn, 15 , 0.9856124693278713
ga,knn, 3 , 0.8491669633699637
ga,dknn, 3 , 0.8254937057207832
ga,knn, 5 , 0.7919822015384617
ga,dknn, 5 , 0.7767920851646352
ga,knn, 7 , 0.8159152286387079
ga,dknn, 7 , 0.7853978678506041
ga,knn, 9 , 0.8787443102021436
ga,dknn, 9 , 0.8465775849033922
ga,knn, 11 , 0.8719407073381162
ga,dknn, 11 , 0.8285563676096904
ga,knn, 13 , 0.853266024871578
ga,dknn, 13 , 0.8223667950349522
ga,knn, 15 , 0.8504072741391939
ga,dknn, 15 , 0.8021124564467972
gbest-pso,knn, 3 , 0.8483351135531136
gbest-pso,dknn, 3 , 0.8423308251529377
gbest-pso,knn, 5 , 0.8579980606593408
gbest-pso,dknn, 5 , 0.8141637107289061
gbest-pso,knn, 7 , 0.864545839538013
gbest-pso,dknn, 7 , 0.8283080504334097
gbest-pso,knn, 9 , 0.8969300793650793
gbest-pso,dknn, 9 , 0.8523412291182855
gbest-pso,knn, 11 , 0.8924167987921166
gbest-pso,dknn, 11 , 0.8414246035073027
gbest-pso,knn, 13 , 0.8614552723193966
gbest-pso,dknn, 13 , 0.82323565608375
gbest-pso,knn, 15 , 0.8329242092307692
gbest-pso,dknn, 15 , 0.8009160609571973
lbest-pso,knn, 3 , 0.856107427960928
lbest-pso,dknn, 3 , 0.8324163960540059
lbest-pso,knn, 5 , 0.869046869010989
lbest-pso,dknn, 5 , 0.8298083968607135
lbest-pso,knn, 7 , 0.8671312959183675
lbest-pso,dknn, 7 , 0.8326344012618482
lbest-pso,knn, 9 , 0.8493992644145978
lbest-pso,dknn, 9 , 0.8151735024566384
lbest-pso,knn, 11 , 0.8888651666969393
lbest-pso,dknn, 11 , 0.8404891694958345
lbest-pso,knn, 13 , 0.8585236603810391
lbest-pso,dknn, 13 , 0.8170615231486347
lbest-pso,knn, 15 , 0.8846272404884005
lbest-pso,dknn, 15 , 0.851859828736015
xx,knn, 3 , 0.977085424908425
xx,knn, 5 , 0.8808910771428574
xx,knn, 7 , 0.8279613158779996
xx,knn, 9 , 0.8539600580653914
xx,knn, 11 , 0.9073006117064754
xx,knn, 13 , 0.8662400103062616
xx,knn, 15 , 0.870804357094017
xx,dknn, 3 , 0.9248503374400419
xx,dknn, 5 , 0.8423032339024868
xx,dknn, 7 , 0.8095523112694848
xx,dknn, 9 , 0.8211516570630008
xx,dknn, 11 , 0.8572517574573412
xx,dknn, 13 , 0.8307758245034634
xx,dknn, 15 , 0.8382313927327071
pca,knn, 3 , 1.1788353076923077
pca,knn, 5 , 1.1026254259340658
pca,knn, 7 , 1.1132915312850413
pca,knn, 9 , 1.0952119404422738
pca,knn, 11 , 1.0829776737353554
pca,knn, 13 , 1.0615874698289878
pca,knn, 15 , 1.056428314212454
pca,dknn, 3 , 1.159805046654431
pca,dknn, 5 , 1.0716921538854647
pca,dknn, 7 , 1.0708450408310304
pca,dknn, 9 , 1.0406927372695247
pca,dknn, 11 , 1.038477118149889
pca,dknn, 13 , 1.011960500462878
pca,dknn, 15 , 1.0084649032939481
ga,knn, 3 , 0.9604395641025641
ga,dknn, 3 , 0.9252077091980861
ga,knn, 5 , 0.837636969010989
ga,dknn, 5 , 0.8089154352477083
ga,knn, 7 , 0.8926515483292218
ga,dknn, 7 , 0.8579601881924473
ga,knn, 9 , 0.8796433378781712
ga,dknn, 9 , 0.8354900106215571
ga,knn, 11 , 0.8141009327944785
ga,dknn, 11 , 0.7904995452226438
ga,knn, 13 , 0.8147048179335457
ga,dknn, 13 , 0.7889070463511739
ga,knn, 15 , 0.7866626571672772
ga,dknn, 15 , 0.7644072486255723
gbest-pso,knn, 3 , 0.9898724340659342
gbest-pso,dknn, 3 , 0.95374745499643
gbest-pso,knn, 5 , 0.9648841252747252
gbest-pso,dknn, 5 , 0.9286827168921264
gbest-pso,knn, 7 , 0.8209887100246693
gbest-pso,dknn, 7 , 0.7911640676150188
gbest-pso,knn, 9 , 0.8012540537240538
gbest-pso,dknn, 9 , 0.7772583191347302
gbest-pso,knn, 11 , 0.8849891919898284
gbest-pso,dknn, 11 , 0.8540571427821126
gbest-pso,knn, 13 , 0.838934944372196
gbest-pso,dknn, 13 , 0.8143625060253705
gbest-pso,knn, 15 , 0.8552028364346764
gbest-pso,dknn, 15 , 0.8167546803564817
lbest-pso,knn, 3 , 0.941402993894994
lbest-pso,dknn, 3 , 0.8919093504092448
lbest-pso,knn, 5 , 0.8460599967032968
lbest-pso,dknn, 5 , 0.8064569240976388
lbest-pso,knn, 7 , 0.8334349752186588
lbest-pso,dknn, 7 , 0.7983678201237727
lbest-pso,knn, 9 , 0.795890564916565
lbest-pso,dknn, 9 , 0.7764352035717933
lbest-pso,knn, 11 , 0.8455190128961946
lbest-pso,dknn, 11 , 0.8182998025172649
lbest-pso,knn, 13 , 0.8252751878860785
lbest-pso,dknn, 13 , 0.7935645094503628
lbest-pso,knn, 15 , 0.836816758998779
lbest-pso,dknn, 15 , 0.8085131149621841
xx,knn, 3 , 0.9491993943833944
xx,knn, 5 , 0.9310516147252748
xx,knn, 7 , 0.8958318985198477
xx,knn, 9 , 0.9143103635870304
xx,knn, 11 , 0.9290046237853056
xx,knn, 13 , 0.8974742042395476
xx,knn, 15 , 0.9234257038583641
xx,dknn, 3 , 0.9061387513551141
xx,dknn, 5 , 0.8714012782961215
xx,dknn, 7 , 0.828477670639897
xx,dknn, 9 , 0.834746759334366
xx,dknn, 11 , 0.8417665717876973
xx,dknn, 13 , 0.8146636292201815
xx,dknn, 15 , 0.8311937689666695
pca,knn, 3 , 1.2447239310134308
pca,knn, 5 , 1.1318736503296705
pca,knn, 7 , 1.1232804095088584
pca,knn, 9 , 1.091218546194546
pca,knn, 11 , 1.0994638931523022
pca,knn, 13 , 1.0736909625138176
pca,knn, 15 , 1.09208404026862
pca,dknn, 3 , 1.2027938307858885
pca,dknn, 5 , 1.0779603158697837
pca,dknn, 7 , 1.0570883006765903
pca,dknn, 9 , 1.0260245238939305
pca,dknn, 11 , 1.0158512061668106
pca,dknn, 13 , 0.985053513170631
pca,dknn, 15 , 0.9975054300284194
ga,knn, 3 , 0.753282946886447
ga,dknn, 3 , 0.7715722445036499
ga,knn, 5 , 0.8413920485714285
ga,dknn, 5 , 0.8254846299526531
ga,knn, 7 , 0.9392775265754653
ga,dknn, 7 , 0.8937366955796463
ga,knn, 9 , 0.8559488201736537
ga,dknn, 9 , 0.8045965420364396
ga,knn, 11 , 0.908162195895014
ga,dknn, 11 , 0.8540207572768674
ga,knn, 13 , 0.8600419685610248
ga,dknn, 13 , 0.8187127817112599
ga,knn, 15 , 0.9196234809523809
ga,dknn, 15 , 0.8577171483035199
gbest-pso,knn, 3 , 0.9752888931623931
gbest-pso,dknn, 3 , 0.9967238920913899
gbest-pso,knn, 5 , 0.8923514417582418
gbest-pso,dknn, 5 , 0.8710813276564168
gbest-pso,knn, 7 , 0.9436570567391793
gbest-pso,dknn, 7 , 0.9067532076645226
gbest-pso,knn, 9 , 0.918334827160494
gbest-pso,dknn, 9 , 0.8660875948088786
gbest-pso,knn, 11 , 0.8756427550177096
gbest-pso,dknn, 11 , 0.8292783857492529
gbest-pso,knn, 13 , 0.8020708490474023
gbest-pso,dknn, 13 , 0.7530955752502245
gbest-pso,knn, 15 , 0.8620166446153846
gbest-pso,dknn, 15 , 0.8113342504144739
lbest-pso,knn, 3 , 0.900995083028083
lbest-pso,dknn, 3 , 0.92271947017782
lbest-pso,knn, 5 , 0.918076649230769
lbest-pso,dknn, 5 , 0.899513838270804
lbest-pso,knn, 7 , 0.857204731105629
lbest-pso,dknn, 7 , 0.8210130320962724
lbest-pso,knn, 9 , 0.905331703771537
lbest-pso,dknn, 9 , 0.854519669968288
lbest-pso,knn, 11 , 0.8928819604032333
lbest-pso,dknn, 11 , 0.8383897873132644
lbest-pso,knn, 13 , 0.8992488973600364
lbest-pso,dknn, 13 , 0.8491291121448512
lbest-pso,knn, 15 , 0.8485260126007326
lbest-pso,dknn, 15 , 0.8066337577642972
That took 208107.48232412338 seconds
