xx,knn, 3 , 0.40451388888888884
xx,knn, 5 , 0.434
xx,knn, 7 , 0.4559311224489796
xx,knn, 9 , 0.48179012345679
xx,knn, 11 , 0.4785640495867768
xx,knn, 13 , 0.4845968934911243
xx,knn, 15 , 0.4897222222222222
xx,dknn, 3 , 0.290970170563681
xx,dknn, 5 , 0.2852517383804602
xx,dknn, 7 , 0.27370624449034714
xx,dknn, 9 , 0.27073786137383243
xx,dknn, 11 , 0.25753677567553357
xx,dknn, 13 , 0.2561130111753234
xx,dknn, 15 , 0.25461765849878604
pca,knn, 3 , 0.3895833333333333
pca,knn, 5 , 0.44025
pca,knn, 7 , 0.4602678571428571
pca,knn, 9 , 0.48325617283950617
pca,knn, 11 , 0.481275826446281
pca,knn, 13 , 0.4865569526627219
pca,knn, 15 , 0.4931805555555554
pca,dknn, 3 , 0.2766124282729899
pca,dknn, 5 , 0.28492395091828443
pca,dknn, 7 , 0.2774802063179565
pca,dknn, 9 , 0.2708431078264074
pca,dknn, 11 , 0.25746371171369553
pca,dknn, 13 , 0.2563718184386008
pca,dknn, 15 , 0.25656275776421367
ga,knn, 3 , 0.3392361111111111
ga,dknn, 3 , 0.2238591725909803
ga,knn, 5 , 0.362375
ga,dknn, 5 , 0.20660060275158018
ga,knn, 7 , 0.3947704081632653
ga,dknn, 7 , 0.22095288849154598
ga,knn, 9 , 0.40354938271604934
ga,dknn, 9 , 0.21842957571964425
ga,knn, 11 , 0.41100206611570245
ga,dknn, 11 , 0.21096194921221628
ga,knn, 13 , 0.39360207100591715
ga,dknn, 13 , 0.19615368256793275
ga,knn, 15 , 0.42423611111111104
ga,dknn, 15 , 0.21120757741060087
gbest-pso,knn, 3 , 0.32638888888888895
gbest-pso,dknn, 3 , 0.21815658982536004
gbest-pso,knn, 5 , 0.33125
gbest-pso,dknn, 5 , 0.1939366425500146
gbest-pso,knn, 7 , 0.3626275510204081
gbest-pso,dknn, 7 , 0.19806388754900445
gbest-pso,knn, 9 , 0.3584104938271605
gbest-pso,dknn, 9 , 0.19485334824012968
gbest-pso,knn, 11 , 0.37879648760330575
gbest-pso,dknn, 11 , 0.20264094698466448
gbest-pso,knn, 13 , 0.36773298816568045
gbest-pso,dknn, 13 , 0.19498544561004533
gbest-pso,knn, 15 , 0.384375
gbest-pso,dknn, 15 , 0.20522363935023363
lbest-pso,knn, 3 , 0.3211805555555556
lbest-pso,dknn, 3 , 0.21596783259907798
lbest-pso,knn, 5 , 0.31637499999999996
lbest-pso,dknn, 5 , 0.18485229825309615
lbest-pso,knn, 7 , 0.36887755102040815
lbest-pso,dknn, 7 , 0.2037053983486344
lbest-pso,knn, 9 , 0.37060185185185185
lbest-pso,dknn, 9 , 0.19742296536395268
lbest-pso,knn, 11 , 0.3582644628099173
lbest-pso,dknn, 11 , 0.18182239982353893
lbest-pso,knn, 13 , 0.3995562130177515
lbest-pso,dknn, 13 , 0.1940836552173552
lbest-pso,knn, 15 , 0.3747638888888889
lbest-pso,dknn, 15 , 0.1880182739237469
xx,knn, 3 , 0.40763888888888894
xx,knn, 5 , 0.4574999999999999
xx,knn, 7 , 0.4336734693877551
xx,knn, 9 , 0.4685570987654321
xx,knn, 11 , 0.4852530991735537
xx,knn, 13 , 0.4822300295857988
xx,knn, 15 , 0.4882638888888889
xx,dknn, 3 , 0.30034325671994
xx,dknn, 5 , 0.29523947759321534
xx,dknn, 7 , 0.26408544555329644
xx,dknn, 9 , 0.26858190243822094
xx,dknn, 11 , 0.2613973187081776
xx,dknn, 13 , 0.2547293353011021
xx,dknn, 15 , 0.24757325110159267
pca,knn, 3 , 0.42708333333333337
pca,knn, 5 , 0.44799999999999984
pca,knn, 7 , 0.43131377551020406
pca,knn, 9 , 0.469212962962963
pca,knn, 11 , 0.48357438016528925
pca,knn, 13 , 0.48407914201183433
pca,knn, 15 , 0.4919583333333334
pca,dknn, 3 , 0.30751019664402446
pca,dknn, 5 , 0.28721767155609995
pca,dknn, 7 , 0.2614167514512833
pca,dknn, 9 , 0.27037316462434846
pca,dknn, 11 , 0.26287200048804055
pca,dknn, 13 , 0.25600626671573795
pca,dknn, 15 , 0.2495205165114694
ga,knn, 3 , 0.4416666666666666
ga,dknn, 3 , 0.3384785485217574
ga,knn, 5 , 0.4202499999999999
ga,dknn, 5 , 0.28290597784769655
ga,knn, 7 , 0.4417729591836735
ga,dknn, 7 , 0.2707627739553389
ga,knn, 9 , 0.4183641975308642
ga,dknn, 9 , 0.24532429997846536
ga,knn, 11 , 0.4153409090909091
ga,dknn, 11 , 0.22192986783349866
ga,knn, 13 , 0.39349112426035504
ga,dknn, 13 , 0.21008716908688205
ga,knn, 15 , 0.429
ga,dknn, 15 , 0.22278386686396154
gbest-pso,knn, 3 , 0.3295138888888889
gbest-pso,dknn, 3 , 0.23199999561974924
gbest-pso,knn, 5 , 0.38075
gbest-pso,dknn, 5 , 0.2526854560493992
gbest-pso,knn, 7 , 0.39362244897959187
gbest-pso,dknn, 7 , 0.24297655472788565
gbest-pso,knn, 9 , 0.3830632716049383
gbest-pso,dknn, 9 , 0.2152515518810092
gbest-pso,knn, 11 , 0.37303719008264463
gbest-pso,dknn, 11 , 0.20501936134686732
gbest-pso,knn, 13 , 0.3757026627218935
gbest-pso,dknn, 13 , 0.19793062725075122
gbest-pso,knn, 15 , 0.3702361111111111
gbest-pso,dknn, 15 , 0.19187319609797648
lbest-pso,knn, 3 , 0.3760416666666667
lbest-pso,dknn, 3 , 0.2820534339360088
lbest-pso,knn, 5 , 0.378875
lbest-pso,dknn, 5 , 0.24953035263559284
lbest-pso,knn, 7 , 0.3834183673469388
lbest-pso,dknn, 7 , 0.22825360153138335
lbest-pso,knn, 9 , 0.3948688271604938
lbest-pso,dknn, 9 , 0.22104425623867385
lbest-pso,knn, 11 , 0.38868801652892565
lbest-pso,dknn, 11 , 0.20714959615255185
lbest-pso,knn, 13 , 0.40077662721893487
lbest-pso,dknn, 13 , 0.20630470933166017
lbest-pso,knn, 15 , 0.3876944444444444
lbest-pso,dknn, 15 , 0.20813317654949773
xx,knn, 3 , 0.48993055555555554
xx,knn, 5 , 0.48587499999999995
xx,knn, 7 , 0.5022321428571429
xx,knn, 9 , 0.49783950617283956
xx,knn, 11 , 0.48894628099173554
xx,knn, 13 , 0.5005917159763313
xx,knn, 15 , 0.49662500000000004
xx,dknn, 3 , 0.39710597627413347
xx,dknn, 5 , 0.35430732531175935
xx,dknn, 7 , 0.3405928707973561
xx,dknn, 9 , 0.33253365237148
xx,dknn, 11 , 0.3224387533579862
xx,dknn, 13 , 0.321828150938675
xx,dknn, 15 , 0.32012232624622267
pca,knn, 3 , 0.5006944444444444
pca,knn, 5 , 0.49537499999999995
pca,knn, 7 , 0.5068877551020408
pca,knn, 9 , 0.4976466049382717
pca,knn, 11 , 0.48979855371900827
pca,knn, 13 , 0.5034023668639053
pca,knn, 15 , 0.4980555555555556
pca,dknn, 3 , 0.4048502339756306
pca,dknn, 5 , 0.358195474013674
pca,dknn, 7 , 0.34431659504279316
pca,dknn, 9 , 0.331940322226592
pca,dknn, 11 , 0.3231938577318985
pca,dknn, 13 , 0.3246387300243284
pca,dknn, 15 , 0.3210826359684428
ga,knn, 3 , 0.4
ga,dknn, 3 , 0.31156628743136927
ga,knn, 5 , 0.40512499999999996
ga,dknn, 5 , 0.2917063789714871
ga,knn, 7 , 0.385969387755102
ga,dknn, 7 , 0.2687649151910009
ga,knn, 9 , 0.42067901234567895
ga,dknn, 9 , 0.276104773987206
ga,knn, 11 , 0.4206353305785123
ga,dknn, 11 , 0.27884406975589987
ga,knn, 13 , 0.39835428994082844
ga,dknn, 13 , 0.26032961277873967
ga,knn, 15 , 0.39613888888888893
ga,dknn, 15 , 0.25638573268621606
gbest-pso,knn, 3 , 0.4024305555555556
gbest-pso,dknn, 3 , 0.328546227470091
gbest-pso,knn, 5 , 0.376375
gbest-pso,dknn, 5 , 0.27462500590954
gbest-pso,knn, 7 , 0.3696428571428571
gbest-pso,dknn, 7 , 0.2595560022467097
gbest-pso,knn, 9 , 0.3915123456790124
gbest-pso,dknn, 9 , 0.2652416294960742
gbest-pso,knn, 11 , 0.37572314049586775
gbest-pso,dknn, 11 , 0.24953579900207107
gbest-pso,knn, 13 , 0.3819896449704142
gbest-pso,dknn, 13 , 0.2456809472668761
gbest-pso,knn, 15 , 0.3799166666666667
gbest-pso,dknn, 15 , 0.24357260491693705
lbest-pso,knn, 3 , 0.346875
lbest-pso,dknn, 3 , 0.2852597846333479
lbest-pso,knn, 5 , 0.35324999999999995
lbest-pso,dknn, 5 , 0.2647056992459315
lbest-pso,knn, 7 , 0.38539540816326534
lbest-pso,dknn, 7 , 0.265982053365753
lbest-pso,knn, 9 , 0.3737654320987654
lbest-pso,dknn, 9 , 0.2523499466792962
lbest-pso,knn, 11 , 0.36208677685950413
lbest-pso,dknn, 11 , 0.23259049354153824
lbest-pso,knn, 13 , 0.3837647928994083
lbest-pso,dknn, 13 , 0.24924302855159816
lbest-pso,knn, 15 , 0.37354166666666666
lbest-pso,dknn, 15 , 0.23941266679435663
xx,knn, 3 , 0.49756944444444445
xx,knn, 5 , 0.5062499999999999
xx,knn, 7 , 0.5308035714285715
xx,knn, 9 , 0.5559413580246912
xx,knn, 11 , 0.5513429752066115
xx,knn, 13 , 0.5527551775147929
xx,knn, 15 , 0.5608472222222222
xx,dknn, 3 , 0.3896685719447871
xx,dknn, 5 , 0.3588116808988152
xx,dknn, 7 , 0.3483565626671873
xx,dknn, 9 , 0.34680925501933874
xx,dknn, 11 , 0.33473664385307256
xx,dknn, 13 , 0.3316630765455234
xx,dknn, 15 , 0.33516793013283797
pca,knn, 3 , 0.4989583333333334
pca,knn, 5 , 0.50925
pca,knn, 7 , 0.5338010204081632
pca,knn, 9 , 0.5563657407407407
pca,knn, 11 , 0.5553202479338843
pca,knn, 13 , 0.5554548816568048
pca,knn, 15 , 0.5608333333333333
pca,dknn, 3 , 0.38828859473213395
pca,dknn, 5 , 0.36080521527102444
pca,dknn, 7 , 0.3509567664522398
pca,dknn, 9 , 0.3481109693101352
pca,dknn, 11 , 0.33863954828557397
pca,dknn, 13 , 0.33231332014477627
pca,dknn, 15 , 0.3351217223039868
ga,knn, 3 , 0.41666666666666663
ga,dknn, 3 , 0.31165908584354174
ga,knn, 5 , 0.41587499999999994
ga,dknn, 5 , 0.2806217659004175
ga,knn, 7 , 0.4886479591836735
ga,dknn, 7 , 0.3306785468586228
ga,knn, 9 , 0.4736496913580247
ga,dknn, 9 , 0.2963827743045543
ga,knn, 11 , 0.45351239669421484
ga,dknn, 11 , 0.27469614675601234
ga,knn, 13 , 0.45362426035502956
ga,dknn, 13 , 0.2672778369840138
ga,knn, 15 , 0.46269444444444446
ga,dknn, 15 , 0.2615238852310223
gbest-pso,knn, 3 , 0.40902777777777766
gbest-pso,dknn, 3 , 0.30752018438951156
gbest-pso,knn, 5 , 0.4704999999999999
gbest-pso,dknn, 5 , 0.32103955164825926
gbest-pso,knn, 7 , 0.44330357142857146
gbest-pso,dknn, 7 , 0.28248573231515317
gbest-pso,knn, 9 , 0.43344907407407407
gbest-pso,dknn, 9 , 0.28301135958154705
gbest-pso,knn, 11 , 0.4207902892561982
gbest-pso,dknn, 11 , 0.2713704260028013
gbest-pso,knn, 13 , 0.4328772189349113
gbest-pso,dknn, 13 , 0.27629148540745996
gbest-pso,knn, 15 , 0.4325972222222222
gbest-pso,dknn, 15 , 0.25480562502952875
lbest-pso,knn, 3 , 0.3680555555555555
lbest-pso,dknn, 3 , 0.27497137689538215
lbest-pso,knn, 5 , 0.42524999999999996
lbest-pso,dknn, 5 , 0.2897209464471319
lbest-pso,knn, 7 , 0.4189413265306122
lbest-pso,dknn, 7 , 0.26193953370971296
lbest-pso,knn, 9 , 0.395679012345679
lbest-pso,dknn, 9 , 0.2620414693260599
lbest-pso,knn, 11 , 0.39245867768595033
lbest-pso,dknn, 11 , 0.2503204440393597
lbest-pso,knn, 13 , 0.4076923076923077
lbest-pso,dknn, 13 , 0.2515249964871085
lbest-pso,knn, 15 , 0.4335277777777778
lbest-pso,dknn, 15 , 0.2710464351130989
xx,knn, 3 , 0.5864583333333333
xx,knn, 5 , 0.5802499999999998
xx,knn, 7 , 0.5708545918367347
xx,knn, 9 , 0.5911265432098765
xx,knn, 11 , 0.6051136363636364
xx,knn, 13 , 0.6194711538461538
xx,knn, 15 , 0.6341944444444445
xx,dknn, 3 , 0.46241338255551223
xx,dknn, 5 , 0.416376891638205
xx,dknn, 7 , 0.38041220125976316
xx,dknn, 9 , 0.3836439508509696
xx,dknn, 11 , 0.3809657108758578
xx,dknn, 13 , 0.38250532570888024
xx,dknn, 15 , 0.38870256695326655
pca,knn, 3 , 0.5673611111111111
pca,knn, 5 , 0.5811249999999999
pca,knn, 7 , 0.5766581632653061
pca,knn, 9 , 0.5890046296296296
pca,knn, 11 , 0.6054235537190082
pca,knn, 13 , 0.6183616863905326
pca,knn, 15 , 0.6327222222222222
pca,dknn, 3 , 0.4477890188246044
pca,dknn, 5 , 0.4178645005525311
pca,dknn, 7 , 0.38514807753688335
pca,dknn, 9 , 0.3829051590773941
pca,dknn, 11 , 0.3810542539768256
pca,dknn, 13 , 0.38244021377488224
pca,dknn, 15 , 0.38724965681021334
ga,knn, 3 , 0.49097222222222225
ga,dknn, 3 , 0.38360238895179466
ga,knn, 5 , 0.49437499999999995
ga,dknn, 5 , 0.3311461945439474
ga,knn, 7 , 0.5129464285714286
ga,dknn, 7 , 0.3234277922787886
ga,knn, 9 , 0.5381944444444444
ga,dknn, 9 , 0.3219523199765118
ga,knn, 11 , 0.5047262396694214
ga,dknn, 11 , 0.29837489539938883
ga,knn, 13 , 0.4640162721893491
ga,dknn, 13 , 0.2870477980200817
ga,knn, 15 , 0.5067638888888888
ga,dknn, 15 , 0.30571039809732337
gbest-pso,knn, 3 , 0.41076388888888893
gbest-pso,dknn, 3 , 0.3176265085152233
gbest-pso,knn, 5 , 0.44499999999999995
gbest-pso,dknn, 5 , 0.31285266573389514
gbest-pso,knn, 7 , 0.4610331632653061
gbest-pso,dknn, 7 , 0.30006227799556584
gbest-pso,knn, 9 , 0.42202932098765433
gbest-pso,dknn, 9 , 0.28277574008566225
gbest-pso,knn, 11 , 0.4263171487603306
gbest-pso,dknn, 11 , 0.2788083927212232
gbest-pso,knn, 13 , 0.4194156804733728
gbest-pso,dknn, 13 , 0.2611277547792238
gbest-pso,knn, 15 , 0.44066666666666665
gbest-pso,dknn, 15 , 0.2739740391486446
lbest-pso,knn, 3 , 0.3885416666666667
lbest-pso,dknn, 3 , 0.32041213492924703
lbest-pso,knn, 5 , 0.41812499999999997
lbest-pso,dknn, 5 , 0.28250103103644586
lbest-pso,knn, 7 , 0.43941326530612246
lbest-pso,dknn, 7 , 0.28860536801443465
lbest-pso,knn, 9 , 0.42457561728395066
lbest-pso,dknn, 9 , 0.2726539673842641
lbest-pso,knn, 11 , 0.41185433884297523
lbest-pso,dknn, 11 , 0.26272176236413636
lbest-pso,knn, 13 , 0.40920857988165676
lbest-pso,dknn, 13 , 0.26009184605080116
lbest-pso,knn, 15 , 0.4559444444444445
lbest-pso,dknn, 15 , 0.28340755244955523
xx,knn, 3 , 0.5069444444444444
xx,knn, 5 , 0.534
xx,knn, 7 , 0.540625
xx,knn, 9 , 0.5628858024691358
xx,knn, 11 , 0.5832386363636364
xx,knn, 13 , 0.5949889053254438
xx,knn, 15 , 0.6139722222222221
xx,dknn, 3 , 0.3815088922036526
xx,dknn, 5 , 0.381790698641975
xx,dknn, 7 , 0.3652486005825609
xx,dknn, 9 , 0.3697427409650899
xx,dknn, 11 , 0.3754683221968135
xx,dknn, 13 , 0.3793419403273693
xx,dknn, 15 , 0.389062384999329
pca,knn, 3 , 0.5034722222222221
pca,knn, 5 , 0.5369999999999999
pca,knn, 7 , 0.5403698979591838
pca,knn, 9 , 0.5639660493827161
pca,knn, 11 , 0.5865444214876032
pca,knn, 13 , 0.5975961538461538
pca,knn, 15 , 0.6097222222222223
pca,dknn, 3 , 0.37867482933375085
pca,dknn, 5 , 0.38195064557664227
pca,dknn, 7 , 0.367572818259692
pca,dknn, 9 , 0.37110171615285203
pca,dknn, 11 , 0.37671029620862606
pca,dknn, 13 , 0.3801769102289231
pca,dknn, 15 , 0.3869639096973775
ga,knn, 3 , 0.4684027777777778
ga,dknn, 3 , 0.3587450312172421
ga,knn, 5 , 0.46737499999999993
ga,dknn, 5 , 0.34017769393265684
ga,knn, 7 , 0.49866071428571423
ga,dknn, 7 , 0.3395997779907196
ga,knn, 9 , 0.4844907407407407
ga,dknn, 9 , 0.32594724656457785
ga,knn, 11 , 0.48775826446280995
ga,dknn, 11 , 0.3288189546117204
ga,knn, 13 , 0.5343565088757397
ga,dknn, 13 , 0.36174636929690457
ga,knn, 15 , 0.501125
ga,dknn, 15 , 0.32972330197978633
gbest-pso,knn, 3 , 0.4142361111111111
gbest-pso,dknn, 3 , 0.3059756608734058
gbest-pso,knn, 5 , 0.509875
gbest-pso,dknn, 5 , 0.37098531336097373
gbest-pso,knn, 7 , 0.45714285714285713
gbest-pso,dknn, 7 , 0.3253872420222098
gbest-pso,knn, 9 , 0.49066358024691353
gbest-pso,dknn, 9 , 0.32298852172083653
gbest-pso,knn, 11 , 0.49460227272727286
gbest-pso,dknn, 11 , 0.326367345211127
gbest-pso,knn, 13 , 0.48382026627218944
gbest-pso,dknn, 13 , 0.3244317922092135
gbest-pso,knn, 15 , 0.479875
gbest-pso,dknn, 15 , 0.3119313922794085
lbest-pso,knn, 3 , 0.45451388888888883
lbest-pso,dknn, 3 , 0.3593822475744608
lbest-pso,knn, 5 , 0.5348749999999999
lbest-pso,dknn, 5 , 0.37588212259192927
lbest-pso,knn, 7 , 0.46205357142857145
lbest-pso,dknn, 7 , 0.3211443387697911
lbest-pso,knn, 9 , 0.509375
lbest-pso,dknn, 9 , 0.34446486333857806
lbest-pso,knn, 11 , 0.45994318181818183
lbest-pso,dknn, 11 , 0.30570746224291045
lbest-pso,knn, 13 , 0.4880917159763314
lbest-pso,dknn, 13 , 0.3280363163352222
lbest-pso,knn, 15 , 0.43111111111111117
lbest-pso,dknn, 15 , 0.2903784626513876
xx,knn, 3 , 0.5267361111111111
xx,knn, 5 , 0.543625
xx,knn, 7 , 0.5253188775510204
xx,knn, 9 , 0.5442515432098766
xx,knn, 11 , 0.537551652892562
xx,knn, 13 , 0.5410502958579881
xx,knn, 15 , 0.5424583333333334
xx,dknn, 3 , 0.41734160614108207
xx,dknn, 5 , 0.3862151892917719
xx,dknn, 7 , 0.3628564691315547
xx,dknn, 9 , 0.3659001675786947
xx,dknn, 11 , 0.3543555025259686
xx,dknn, 13 , 0.35154283645752904
xx,dknn, 15 , 0.3483964889039476
pca,knn, 3 , 0.5288194444444445
pca,knn, 5 , 0.5395
pca,knn, 7 , 0.5251913265306122
pca,knn, 9 , 0.548070987654321
pca,knn, 11 , 0.5378357438016529
pca,knn, 13 , 0.5455991124260355
pca,knn, 15 , 0.5432638888888889
pca,dknn, 3 , 0.4138232680156156
pca,dknn, 5 , 0.38010637551654497
pca,dknn, 7 , 0.36431256481293484
pca,dknn, 9 , 0.36573696463749095
pca,dknn, 11 , 0.351252090353921
pca,dknn, 13 , 0.3508407105749556
pca,dknn, 15 , 0.3484830499302243
ga,knn, 3 , 0.44305555555555554
ga,dknn, 3 , 0.35037567924631574
ga,knn, 5 , 0.47174999999999995
ga,dknn, 5 , 0.3429843356772243
ga,knn, 7 , 0.503125
ga,dknn, 7 , 0.3434274326616051
ga,knn, 9 , 0.47384259259259254
ga,dknn, 9 , 0.3160442595925767
ga,knn, 11 , 0.4522469008264463
ga,dknn, 11 , 0.2813924361211469
ga,knn, 13 , 0.47152366863905326
ga,dknn, 13 , 0.287562237329442
ga,knn, 15 , 0.47212499999999996
ga,dknn, 15 , 0.2956793117809101
gbest-pso,knn, 3 , 0.4652777777777777
gbest-pso,dknn, 3 , 0.3750247133191421
gbest-pso,knn, 5 , 0.4392499999999999
gbest-pso,dknn, 5 , 0.32459035297443484
gbest-pso,knn, 7 , 0.4310586734693878
gbest-pso,dknn, 7 , 0.28551929986815294
gbest-pso,knn, 9 , 0.44463734567901236
gbest-pso,dknn, 9 , 0.3035777816774074
gbest-pso,knn, 11 , 0.4666580578512397
gbest-pso,dknn, 11 , 0.314884460246443
gbest-pso,knn, 13 , 0.45133136094674553
gbest-pso,dknn, 13 , 0.299769425645732
gbest-pso,knn, 15 , 0.4449583333333333
gbest-pso,dknn, 15 , 0.2985250454808739
lbest-pso,knn, 3 , 0.43263888888888885
lbest-pso,dknn, 3 , 0.3425355020183975
lbest-pso,knn, 5 , 0.41775
lbest-pso,dknn, 5 , 0.3008381197470983
lbest-pso,knn, 7 , 0.43890306122448985
lbest-pso,dknn, 7 , 0.3038370748582081
lbest-pso,knn, 9 , 0.44344135802469137
lbest-pso,dknn, 9 , 0.3161846901178466
lbest-pso,knn, 11 , 0.4547004132231406
lbest-pso,dknn, 11 , 0.29455752762524534
lbest-pso,knn, 13 , 0.4391457100591715
lbest-pso,dknn, 13 , 0.29672857005478087
lbest-pso,knn, 15 , 0.43224999999999997
lbest-pso,dknn, 15 , 0.27388613644441084
xx,knn, 3 , 0.42013888888888895
xx,knn, 5 , 0.460875
xx,knn, 7 , 0.4977678571428571
xx,knn, 9 , 0.5101466049382717
xx,knn, 11 , 0.5256973140495868
xx,knn, 13 , 0.5297337278106509
xx,knn, 15 , 0.5443749999999999
xx,dknn, 3 , 0.3253376693490925
xx,dknn, 5 , 0.3084691273932491
xx,dknn, 7 , 0.3134079548674633
xx,dknn, 9 , 0.30574288586209625
xx,dknn, 11 , 0.30460223947527165
xx,dknn, 13 , 0.3085693360295848
xx,dknn, 15 , 0.31595005992578096
pca,knn, 3 , 0.42256944444444444
pca,knn, 5 , 0.462125
pca,knn, 7 , 0.49821428571428567
pca,knn, 9 , 0.5099537037037037
pca,knn, 11 , 0.5287190082644628
pca,knn, 13 , 0.5292344674556213
pca,knn, 15 , 0.5453888888888889
pca,dknn, 3 , 0.3259684781405441
pca,dknn, 5 , 0.3085549477981675
pca,dknn, 7 , 0.31383401963726165
pca,dknn, 9 , 0.3055783975497608
pca,dknn, 11 , 0.30714624409077934
pca,dknn, 13 , 0.30847275675441627
pca,dknn, 15 , 0.31573818562936334
ga,knn, 3 , 0.39965277777777775
ga,dknn, 3 , 0.29065856029965775
ga,knn, 5 , 0.41150000000000003
ga,dknn, 5 , 0.2627963660739149
ga,knn, 7 , 0.45267857142857154
ga,dknn, 7 , 0.2827232671152907
ga,knn, 9 , 0.4728780864197531
ga,dknn, 9 , 0.2893811998623651
ga,knn, 11 , 0.42350206611570246
ga,dknn, 11 , 0.23961840435065115
ga,knn, 13 , 0.4334689349112425
ga,dknn, 13 , 0.25818734592915
ga,knn, 15 , 0.4384722222222222
ga,dknn, 15 , 0.25742254696108946
gbest-pso,knn, 3 , 0.35625
gbest-pso,dknn, 3 , 0.2604159182316518
gbest-pso,knn, 5 , 0.406875
gbest-pso,dknn, 5 , 0.27805372318337696
gbest-pso,knn, 7 , 0.3692602040816326
gbest-pso,dknn, 7 , 0.22919443170150694
gbest-pso,knn, 9 , 0.3707561728395062
gbest-pso,dknn, 9 , 0.21430767763929123
gbest-pso,knn, 11 , 0.41924070247933887
gbest-pso,dknn, 11 , 0.24730972282079539
gbest-pso,knn, 13 , 0.40449334319526625
gbest-pso,dknn, 13 , 0.2233490695286941
gbest-pso,knn, 15 , 0.3926527777777777
gbest-pso,dknn, 15 , 0.21868881686683092
lbest-pso,knn, 3 , 0.3805555555555556
lbest-pso,dknn, 3 , 0.30910637817402187
lbest-pso,knn, 5 , 0.38987499999999997
lbest-pso,dknn, 5 , 0.2618750989679238
lbest-pso,knn, 7 , 0.3929209183673469
lbest-pso,dknn, 7 , 0.2505354138349381
lbest-pso,knn, 9 , 0.42048611111111106
lbest-pso,dknn, 9 , 0.2625073684018007
lbest-pso,knn, 11 , 0.40875516528925626
lbest-pso,dknn, 11 , 0.2433617681307645
lbest-pso,knn, 13 , 0.39885355029585795
lbest-pso,dknn, 13 , 0.21683873711908505
lbest-pso,knn, 15 , 0.42769444444444443
lbest-pso,dknn, 15 , 0.23286063223390788
xx,knn, 3 , 0.45972222222222225
xx,knn, 5 , 0.5075
xx,knn, 7 , 0.5214285714285714
xx,knn, 9 , 0.5418595679012345
xx,knn, 11 , 0.5552427685950413
xx,knn, 13 , 0.5539940828402367
xx,knn, 15 , 0.5658888888888889
xx,dknn, 3 , 0.36115294925671043
xx,dknn, 5 , 0.34494436760441005
xx,dknn, 7 , 0.32635518724432394
xx,dknn, 9 , 0.3274571258677733
xx,dknn, 11 , 0.3293643856400784
xx,dknn, 13 , 0.31857352744219747
xx,dknn, 15 , 0.3249006219929706
pca,knn, 3 , 0.45069444444444445
pca,knn, 5 , 0.507125
pca,knn, 7 , 0.53125
pca,knn, 9 , 0.5432484567901235
pca,knn, 11 , 0.5598398760330578
pca,knn, 13 , 0.5575813609467455
pca,knn, 15 , 0.5719722222222222
pca,dknn, 3 , 0.3536602051120461
pca,dknn, 5 , 0.3439258861432224
pca,dknn, 7 , 0.336049851084767
pca,dknn, 9 , 0.3287991216570091
pca,dknn, 11 , 0.332360108381952
pca,dknn, 13 , 0.3226279828670272
pca,dknn, 15 , 0.33047940332477443
ga,knn, 3 , 0.41215277777777776
ga,dknn, 3 , 0.327328349285107
ga,knn, 5 , 0.46662499999999996
ga,dknn, 5 , 0.30874987236573065
ga,knn, 7 , 0.46530612244897956
ga,dknn, 7 , 0.2946821729151326
ga,knn, 9 , 0.5073688271604938
ga,dknn, 9 , 0.3100147183213563
ga,knn, 11 , 0.46627066115702487
ga,dknn, 11 , 0.2775786539103121
ga,knn, 13 , 0.46893491124260345
ga,dknn, 13 , 0.28241471205265334
ga,knn, 15 , 0.4852222222222222
ga,dknn, 15 , 0.2798310328211452
gbest-pso,knn, 3 , 0.4215277777777778
gbest-pso,dknn, 3 , 0.29183983205364455
gbest-pso,knn, 5 , 0.47437499999999994
gbest-pso,dknn, 5 , 0.31740902983763186
gbest-pso,knn, 7 , 0.4380102040816326
gbest-pso,dknn, 7 , 0.2792773682792143
gbest-pso,knn, 9 , 0.45173611111111106
gbest-pso,dknn, 9 , 0.2683276329867146
gbest-pso,knn, 11 , 0.5018336776859503
gbest-pso,dknn, 11 , 0.30236984719753673
gbest-pso,knn, 13 , 0.4921042899408284
gbest-pso,dknn, 13 , 0.276306942868752
gbest-pso,knn, 15 , 0.48694444444444435
gbest-pso,dknn, 15 , 0.26862426723300054
lbest-pso,knn, 3 , 0.43888888888888894
lbest-pso,dknn, 3 , 0.29197175914149254
lbest-pso,knn, 5 , 0.46362499999999995
lbest-pso,dknn, 5 , 0.30055526263971166
lbest-pso,knn, 7 , 0.4389668367346939
lbest-pso,dknn, 7 , 0.2723404809421536
lbest-pso,knn, 9 , 0.5094521604938271
lbest-pso,dknn, 9 , 0.3198273512726592
lbest-pso,knn, 11 , 0.4738894628099173
lbest-pso,dknn, 11 , 0.2717776774655552
lbest-pso,knn, 13 , 0.47984467455621316
lbest-pso,dknn, 13 , 0.2680286866522341
lbest-pso,knn, 15 , 0.4923749999999999
lbest-pso,dknn, 15 , 0.2735195622610225
xx,knn, 3 , 0.4423611111111111
xx,knn, 5 , 0.4665
xx,knn, 7 , 0.4636479591836736
xx,knn, 9 , 0.4549382716049382
xx,knn, 11 , 0.4724948347107437
xx,knn, 13 , 0.4847633136094675
xx,knn, 15 , 0.5014444444444445
xx,dknn, 3 , 0.338214253042521
xx,dknn, 5 , 0.2898488573359024
xx,dknn, 7 , 0.26421367102107146
xx,dknn, 9 , 0.2520228846108448
xx,dknn, 11 , 0.2561009157373808
xx,dknn, 13 , 0.2566268711348479
xx,dknn, 15 , 0.2606344779510141
pca,knn, 3 , 0.4454861111111111
pca,knn, 5 , 0.467875
pca,knn, 7 , 0.46077806122448983
pca,knn, 9 , 0.45613425925925916
pca,knn, 11 , 0.4759297520661157
pca,knn, 13 , 0.4881286982248521
pca,knn, 15 , 0.5004861111111112
pca,dknn, 3 , 0.3324420142130263
pca,dknn, 5 , 0.2893056726320856
pca,dknn, 7 , 0.26468962699810156
pca,dknn, 9 , 0.252712398202953
pca,dknn, 11 , 0.25724573522769645
pca,dknn, 13 , 0.2574636915509343
pca,dknn, 15 , 0.25980455414173675
ga,knn, 3 , 0.4131944444444445
ga,dknn, 3 , 0.2836476746509172
ga,knn, 5 , 0.429125
ga,dknn, 5 , 0.2722740622869603
ga,knn, 7 , 0.43647959183673474
ga,dknn, 7 , 0.2607887151173439
ga,knn, 9 , 0.42040895061728384
ga,dknn, 9 , 0.25084646578949316
ga,knn, 11 , 0.43269628099173546
ga,dknn, 11 , 0.24463429660526148
ga,knn, 13 , 0.4430288461538462
ga,dknn, 13 , 0.23363271305008776
ga,knn, 15 , 0.4773611111111111
ga,dknn, 15 , 0.26611965581381875
gbest-pso,knn, 3 , 0.4434027777777777
gbest-pso,dknn, 3 , 0.33205518580991705
gbest-pso,knn, 5 , 0.40625
gbest-pso,dknn, 5 , 0.2662649429639277
gbest-pso,knn, 7 , 0.3904974489795919
gbest-pso,dknn, 7 , 0.2484381366413399
gbest-pso,knn, 9 , 0.37330246913580256
gbest-pso,dknn, 9 , 0.2350483161696313
gbest-pso,knn, 11 , 0.3661157024793388
gbest-pso,dknn, 11 , 0.23136453504499074
gbest-pso,knn, 13 , 0.4089866863905326
gbest-pso,dknn, 13 , 0.24983545593406847
gbest-pso,knn, 15 , 0.39087500000000003
gbest-pso,dknn, 15 , 0.24846806080292433
lbest-pso,knn, 3 , 0.4270833333333333
lbest-pso,dknn, 3 , 0.3272276888210415
lbest-pso,knn, 5 , 0.394
lbest-pso,dknn, 5 , 0.26082059964535925
lbest-pso,knn, 7 , 0.42161989795918375
lbest-pso,dknn, 7 , 0.2556729126695777
lbest-pso,knn, 9 , 0.36292438271604927
lbest-pso,dknn, 9 , 0.22600601261305608
lbest-pso,knn, 11 , 0.4027376033057851
lbest-pso,dknn, 11 , 0.23922485671553012
lbest-pso,knn, 13 , 0.38868343195266275
lbest-pso,dknn, 13 , 0.22597412974780537
lbest-pso,knn, 15 , 0.3897083333333333
lbest-pso,dknn, 15 , 0.2426211855775075
That took 620046.2761435509 seconds
